data,passos_ontem,media_passos_7dias,calorias_consumidas,horas_de_sono,steps_next_day
2023-01-01,3662,6795,2384,7.3,8122
2023-01-02,6881,6371,2147,6.9,8809
2023-01-03,3913,4412,2858,8.9,3525
2023-01-04,3652,8782,2946,6.6,3400
2023-01-05,7044,9657,1659,6.8,3155
2023-01-06,8033,3601,2049,7.5,6349
2023-01-07,9817,7112,2391,7.8,5413
2023-01-08,4777,7112,1678,7.3,3416
2023-01-09,4708,3622,2227,6.4,8878
2023-01-10,5058,9926,1718,6.1,7472
2023-01-11,6522,7788,2099,8.6,3722
2023-01-12,6004,5544,2144,5.4,3443
2023-01-13,9853,3508,2165,6.7,9210
2023-01-14,9194,9061,1777,5.4,6678
2023-01-15,4226,4074,2137,7.7,4603
2023-01-16,5292,9973,2893,6.5,3139
2023-01-17,6623,3751,2551,7.2,3553
2023-01-18,7598,5199,2629,7.1,7020
2023-01-19,9253,7061,2154,7.1,5441
2023-01-20,6700,5468,2460,8.8,8310
2023-01-21,5708,9634,1540,8.7,7980
2023-01-22,7954,6071,2445,5.2,3032
2023-01-23,5952,9251,2620,8.9,8154
2023-01-24,3383,3463,2662,6.0,8873
2023-01-25,4691,5697,2558,7.4,4919
2023-01-26,4758,6161,2643,7.6,8625
2023-01-27,3287,6489,2726,7.7,7789
2023-01-28,4016,7893,2768,5.2,7780
2023-01-29,3308,6028,1614,8.3,6836
2023-01-30,5133,3061,2683,6.6,3020
2023-01-31,4881,6307,2780,6.9,6040
2023-02-01,9773,4539,2405,8.5,8706
2023-02-02,6286,4565,2127,5.8,4157
2023-02-03,9499,3975,2803,6.5,7129
2023-02-04,6458,4178,1565,8.3,9839
2023-02-05,6448,3135,2103,6.9,6007
2023-02-06,5416,5157,2723,7.7,7503
2023-02-07,9180,9263,1710,5.5,3487
2023-02-08,8822,9684,2488,6.2,4451
2023-02-09,5979,7562,2951,7.2,3263
2023-02-10,6929,6771,2118,8.3,5496
2023-02-11,3731,7521,2877,7.9,8773
2023-02-12,7336,9165,1596,6.9,6677
2023-02-13,7306,5673,2347,5.3,8575
2023-02-14,9082,5236,1536,5.8,3435
2023-02-15,5845,6608,2275,6.8,3067
2023-02-16,3645,5183,2503,8.9,7554
2023-02-17,4268,7093,2136,7.6,5958
2023-02-18,3212,6806,1564,7.3,5993
2023-02-19,8186,9953,2052,8.3,8740
2023-02-20,9895,8084,2273,8.0,4387
2023-02-21,6659,8887,2733,8.4,7448
2023-02-22,7913,5740,1602,8.7,9200
2023-02-23,7629,4138,2429,7.1,7079
2023-02-24,6479,6185,2760,7.8,6402
2023-02-25,7063,7081,2527,8.3,8859
2023-02-26,5799,9364,2067,8.2,7530
2023-02-27,7536,4922,2477,5.3,5848
2023-02-28,6872,7390,1828,7.3,8598
2023-03-01,8850,3647,2456,7.8,7356
2023-03-02,5084,6330,1506,5.7,8088
2023-03-03,8252,3875,1813,7.4,9476
2023-03-04,7514,5659,2696,8.6,3616
2023-03-05,8415,6776,2578,8.3,9664
2023-03-06,5655,8383,2789,8.7,3248
2023-03-07,8703,6114,2262,7.8,6969
2023-03-08,9405,7833,1691,5.9,3594
2023-03-09,8163,5240,1785,7.5,5383
2023-03-10,8593,4734,2749,8.6,9787
2023-03-11,9188,3354,2321,7.9,3483
2023-03-12,3062,4635,2847,8.6,4852
2023-03-13,4273,9764,2652,5.0,3621
2023-03-14,9416,8270,2030,6.7,8101
2023-03-15,7716,7722,2267,7.4,9426
2023-03-16,3259,7761,1608,7.0,3963
2023-03-17,4327,7550,1930,5.2,7604
2023-03-18,6192,9519,1586,8.9,5801
2023-03-19,5962,7772,1577,6.8,6718
2023-03-20,4999,9737,1751,5.9,8227
2023-03-21,4710,6776,2867,7.9,3259
2023-03-22,7886,9685,1653,7.5,5944
2023-03-23,9093,5107,2978,6.7,3111
2023-03-24,3242,9281,2770,6.4,3105
2023-03-25,8155,8152,2058,7.1,9441
2023-03-26,3470,3295,1723,6.7,6019
2023-03-27,8084,9596,2740,8.6,4415
2023-03-28,5607,3485,2751,7.9,8810
2023-03-29,7403,3581,1709,7.2,4283
2023-03-30,9252,7521,2030,8.7,5248
2023-03-31,5900,5414,1553,5.3,5843
2023-04-01,8540,7159,1865,8.1,4991
2023-04-02,3714,3048,2935,5.1,5965
2023-04-03,7096,7152,1622,6.5,4396
2023-04-04,4848,5765,1817,5.3,9905
2023-04-05,8759,5024,2381,7.6,9448
2023-04-06,6939,4727,2567,5.6,3170
2023-04-07,8256,7648,2509,5.8,3402
2023-04-08,4221,6214,1970,8.4,9603
2023-04-09,4383,7240,2926,7.6,6578
2023-04-10,8427,6986,2600,8.2,9710
2023-04-11,7307,6111,2899,8.1,6001
2023-04-12,7525,9315,2938,5.7,3858
2023-04-13,3464,6056,2914,5.7,5302
2023-04-14,3836,3574,2617,7.0,7412
2023-04-15,9636,7593,2464,6.9,5252
2023-04-16,7328,5771,2397,6.7,7570
2023-04-17,7877,9482,2504,5.6,7664
2023-04-18,5846,5236,2834,7.4,7707
2023-04-19,7028,9762,2321,6.2,5629
2023-04-20,3902,9716,1579,8.2,5248
2023-04-21,4857,6773,2599,6.8,8510
2023-04-22,7380,4377,2323,6.0,3212
2023-04-23,7471,4271,1684,8.3,4219
2023-04-24,9941,5069,2572,6.5,4035
2023-04-25,6128,3747,1881,5.1,3750
2023-04-26,5595,6133,2270,7.9,6214
2023-04-27,7573,6071,2553,6.5,4298
2023-04-28,5167,6721,2463,8.9,6754
2023-04-29,9454,3564,1678,6.8,3469
2023-04-30,6671,9010,2531,5.0,7384
2023-05-01,3186,9200,2690,5.9,6811
2023-05-02,9726,5552,1774,5.1,8590
2023-05-03,4662,5681,2498,8.2,8033
2023-05-04,5668,4818,2531,5.5,8375
2023-05-05,7367,7756,1739,5.3,4529
2023-05-06,9439,9151,2835,6.9,7697
2023-05-07,9306,8204,2978,5.7,9638
2023-05-08,6145,8993,2732,6.0,4385
2023-05-09,5024,7916,1562,6.9,9504
2023-05-10,3666,7858,1653,7.0,4957
2023-05-11,5121,7975,2809,8.6,3113
2023-05-12,7162,7299,1580,7.3,4788
2023-05-13,3136,8452,2085,5.9,6538
2023-05-14,4900,6272,1668,6.1,4751
2023-05-15,4761,6336,1944,6.9,7285
2023-05-16,8605,3069,1715,6.6,5719
2023-05-17,8849,8050,1522,5.3,7916
2023-05-18,8193,5150,2709,8.3,8611
2023-05-19,4288,7336,2958,6.5,4796
2023-05-20,5086,4823,1572,5.1,4308
2023-05-21,6041,6119,2934,7.1,6096
2023-05-22,8128,8163,2556,5.6,6679
2023-05-23,8264,3657,1674,7.3,5986
2023-05-24,6543,5847,2009,7.0,7190
2023-05-25,8520,7973,2775,8.0,3443
2023-05-26,6379,9687,2796,8.6,3171
2023-05-27,3139,7548,2987,8.4,4749
2023-05-28,4557,5780,2946,7.7,8661
2023-05-29,7077,3512,1616,7.2,4962
2023-05-30,4242,8274,2804,7.9,3251
2023-05-31,4217,7717,1570,7.4,4882
2023-06-01,3747,4552,1986,5.8,4672
2023-06-02,3479,8660,1549,7.6,9557
2023-06-03,3469,5835,1727,6.9,7988
2023-06-04,8716,7762,1500,7.7,7676
2023-06-05,8843,3266,2532,7.1,5649
2023-06-06,8105,6948,2204,7.2,5577
2023-06-07,4690,3720,2398,6.8,3243
2023-06-08,9329,3200,2302,5.2,6412
2023-06-09,9758,4826,2263,6.0,4371
2023-06-10,9788,9304,1608,5.6,9079
2023-06-11,5895,4727,2246,8.4,6051
2023-06-12,5811,5374,2596,8.9,4714
2023-06-13,9020,7399,1946,5.2,3274
2023-06-14,4167,4276,2379,6.3,5667
2023-06-15,4271,3178,2095,8.7,6781
2023-06-16,9037,4880,2892,7.8,9709
2023-06-17,3630,9166,2062,8.4,8513
2023-06-18,4509,3301,2575,7.9,8166
2023-06-19,5360,5893,2167,6.7,4847
2023-06-20,6634,5797,1645,7.3,6605
2023-06-21,9960,3096,2642,8.7,3609
2023-06-22,4187,4468,2278,6.8,6666
2023-06-23,9233,6916,2873,7.5,4221
2023-06-24,6669,3487,2851,5.4,8744
2023-06-25,5991,5176,1805,6.5,6877
2023-06-26,7458,7536,1840,5.1,4048
2023-06-27,3987,8869,2020,8.4,6810
2023-06-28,6838,3516,2411,5.4,6608
2023-06-29,3430,3834,2210,6.3,3754
2023-06-30,6178,7184,1641,8.9,7138
2023-07-01,7481,3360,2473,6.9,6032
2023-07-02,9469,9695,1724,7.5,5856
2023-07-03,9780,6381,1639,6.4,4927
2023-07-04,3606,5191,1833,7.8,8966
2023-07-05,5246,8289,2894,5.3,3282
2023-07-06,5690,4655,2487,8.9,8278
2023-07-07,5946,4562,1549,7.8,3499
2023-07-08,6550,7449,2176,8.5,6082
2023-07-09,5612,6871,2891,5.7,9444
2023-07-10,8511,4668,2951,7.9,5826
2023-07-11,6015,6267,1905,6.2,7658
2023-07-12,4657,6755,2415,7.6,5386
2023-07-13,5888,4132,2854,7.5,8752
2023-07-14,6925,9991,2368,8.9,9075
2023-07-15,7810,4911,2869,9.0,9574
2023-07-16,3299,5952,2736,7.8,6377
2023-07-17,9614,8456,1534,6.8,4677
2023-07-18,9183,8115,2593,8.9,5136
2023-07-19,3463,6986,1968,8.2,7420
2023-07-20,7650,8343,1730,6.3,9135
2023-07-21,7182,8730,1902,8.6,6296
2023-07-22,4912,3288,2259,6.0,3056
2023-07-23,9221,6281,2001,5.9,4341
2023-07-24,3486,7489,2603,8.4,6896
2023-07-25,3889,4967,2309,7.5,6030
2023-07-26,9000,7781,2616,7.0,8229
2023-07-27,6370,4655,2970,8.0,6778
2023-07-28,5703,6642,2539,9.0,8119
2023-07-29,8212,7258,1981,7.5,7326
2023-07-30,9381,9123,1941,8.1,5443
2023-07-31,5959,5641,2652,5.4,4320
2023-08-01,9694,4224,1847,6.4,7337
2023-08-02,6127,5737,1765,8.0,8346
2023-08-03,9939,4411,2963,5.6,6139
2023-08-04,8387,3721,1915,5.8,7539
2023-08-05,7687,8994,1554,7.2,7108
2023-08-06,7601,5177,2208,6.1,9518
2023-08-07,5106,6494,2125,7.6,6710
2023-08-08,5525,7730,2454,6.1,6301
2023-08-09,7259,3343,2914,5.9,7052
2023-08-10,9749,4417,2262,7.2,5700
2023-08-11,7059,4622,2162,8.3,4725
2023-08-12,5093,3434,2038,5.2,5788
2023-08-13,4014,4466,2659,6.6,8171
2023-08-14,5189,3288,2076,6.7,4663
2023-08-15,6269,3558,2690,7.8,7553
2023-08-16,6123,6475,1631,5.1,3760
2023-08-17,8966,5874,1932,8.9,3409
2023-08-18,5297,9679,2019,6.4,6460
2023-08-19,7227,3578,1781,7.2,6966
2023-08-20,4937,4382,2046,7.7,9224
2023-08-21,6541,9367,1938,5.1,4647
2023-08-22,5634,8980,1877,6.6,7980
2023-08-23,8573,5533,2602,6.9,7035
2023-08-24,3601,5070,2030,8.5,7072
2023-08-25,7221,9932,1882,5.2,6010
2023-08-26,5896,4446,2084,8.2,8901
2023-08-27,3358,8987,2360,7.3,3569
2023-08-28,4823,4856,1523,5.4,6163
2023-08-29,3555,6045,1611,7.2,3430
2023-08-30,3014,4308,2507,6.5,9460
2023-08-31,4383,9588,2031,8.3,3211
2023-09-01,9995,7511,2566,8.3,5270
2023-09-02,4254,3011,2285,6.3,5785
2023-09-03,6449,6119,2388,8.8,7070
2023-09-04,7713,6202,2979,5.7,3363
2023-09-05,3531,4348,2797,5.9,9807
2023-09-06,6669,4141,2110,6.3,8961
2023-09-07,8397,5228,2867,6.6,7230
2023-09-08,6476,6666,2859,6.8,8032
2023-09-09,3434,5521,1989,8.4,7239
2023-09-10,6965,8725,2188,8.2,6303
2023-09-11,8775,5125,2329,5.2,8062
2023-09-12,4123,9315,2565,5.4,7233
2023-09-13,6788,8729,2629,8.1,6828
2023-09-14,7688,9454,2594,7.8,6830
2023-09-15,7851,4460,2458,5.1,8347
2023-09-16,7287,7434,1628,8.9,4763
2023-09-17,5812,3902,2160,6.7,8975
2023-09-18,4637,8763,2717,7.2,9691
2023-09-19,5071,9888,1765,8.6,5558
2023-09-20,4909,6035,2245,9.0,9091
2023-09-21,8902,8192,2719,5.1,3120
2023-09-22,4671,9410,2297,7.2,6284
2023-09-23,5947,4218,2979,5.1,7829
2023-09-24,8245,7311,1952,5.1,4015
2023-09-25,7100,9193,2504,6.5,7613
2023-09-26,7577,9270,2883,7.6,7121
2023-09-27,8298,4362,2681,7.0,7655
2023-09-28,5715,7365,1561,8.3,9133
2023-09-29,7516,3599,2061,5.5,3636
2023-09-30,5362,7408,2775,8.0,5043
2023-10-01,5227,5700,2852,5.4,8360
2023-10-02,7319,8447,2604,7.2,3718
2023-10-03,8921,5340,2084,7.7,4847
2023-10-04,9738,3510,2275,7.2,9923
2023-10-05,5107,3512,2999,5.1,8488
2023-10-06,7151,8091,2335,6.7,8294
2023-10-07,6537,3161,2887,7.8,5230
2023-10-08,9212,8482,2612,7.7,5792
2023-10-09,5379,5848,1648,6.3,6889
2023-10-10,8284,3669,2443,7.8,7047
2023-10-11,5869,7518,2763,7.9,5673
2023-10-12,7753,5138,2385,6.6,9555
2023-10-13,8746,6914,2874,6.9,9670
2023-10-14,9916,9552,1736,7.8,8719
2023-10-15,3629,9147,2616,8.7,3402
2023-10-16,8321,4322,2827,6.6,5921
2023-10-17,3144,4712,1967,7.1,6331
2023-10-18,4060,3679,2244,6.8,5937
2023-10-19,5149,8182,1905,8.9,8010
2023-10-20,3909,6836,2023,5.4,3548
2023-10-21,4132,7201,1900,8.4,4452
2023-10-22,8524,6609,2623,6.9,6528
2023-10-23,4118,6503,1736,7.8,7432
2023-10-24,5065,7892,2487,6.5,7370
2023-10-25,6022,5769,1665,5.4,6788
2023-10-26,7777,4263,2133,8.4,7790
2023-10-27,5393,6411,1655,6.3,5750
2023-10-28,3266,9914,2445,5.4,3358
2023-10-29,8359,6132,2658,5.3,8203
2023-10-30,4479,8741,1868,7.2,7141
2023-10-31,7258,7175,2573,7.3,3637
2023-11-01,3950,4450,1645,7.7,6703
2023-11-02,6130,6105,1646,7.4,5742
2023-11-03,3441,8303,1667,8.7,6020
2023-11-04,4061,7314,2424,8.8,6599
2023-11-05,3665,4881,2203,5.7,8049
2023-11-06,6995,9980,1793,6.7,8572
2023-11-07,4651,4139,2549,8.1,4633
2023-11-08,4408,5098,2775,6.1,9215
2023-11-09,5011,8355,2156,5.8,6576
2023-11-10,7593,8854,2312,6.8,9318
2023-11-11,5837,5043,1886,8.4,7911
2023-11-12,8355,7964,1527,5.4,9744
2023-11-13,9998,3739,2948,5.8,6918
2023-11-14,8261,3304,1679,7.0,5185
2023-11-15,6542,9836,1516,8.6,3787
2023-11-16,7957,7797,1583,6.6,5292
2023-11-17,5893,3751,2006,5.7,7576
2023-11-18,6709,3319,2972,5.4,5800
2023-11-19,4642,8064,2594,6.9,9333
2023-11-20,6895,8484,2165,6.8,8444
2023-11-21,5931,3688,2155,5.6,8718
2023-11-22,7582,5546,2098,6.7,3541
2023-11-23,4769,5728,2449,5.5,5312
2023-11-24,4318,6874,1892,5.3,5320
2023-11-25,7959,5731,2664,8.7,7809
2023-11-26,5055,5843,2784,8.8,5824
2023-11-27,3961,5933,2929,7.3,3309
2023-11-28,7928,5777,2493,8.4,5555
2023-11-29,7968,3541,2771,6.8,5348
2023-11-30,3884,9806,2123,7.8,3848
2023-12-01,7974,3638,2903,6.4,9283
2023-12-02,5874,4151,1869,8.2,8384
2023-12-03,3068,9599,2285,6.8,8103
2023-12-04,5662,3695,2980,8.0,5259
2023-12-05,3934,6469,2587,6.2,9165
2023-12-06,3184,9200,2015,7.2,4418
2023-12-07,7751,4435,1782,5.8,3532
2023-12-08,4600,7797,1614,6.1,4156
2023-12-09,4115,9737,1510,7.6,6521
2023-12-10,7582,7882,2961,6.5,4341
2023-12-11,9869,9753,1744,8.6,8492
2023-12-12,3692,5038,1620,5.5,7168
2023-12-13,8461,8712,2115,5.7,6615
2023-12-14,8001,3199,2984,6.2,5862
2023-12-15,5160,5693,2432,7.0,7588
2023-12-16,3296,8506,2552,8.9,8565
2023-12-17,5014,4149,2112,6.8,7076
2023-12-18,9994,9120,1602,5.6,7752
2023-12-19,5144,5803,2766,5.9,6552
2023-12-20,7146,9012,1688,8.3,6053
2023-12-21,6834,6255,1989,9.0,6802
2023-12-22,8683,9128,2776,6.6,7456
2023-12-23,8122,7812,1832,8.9,4111
2023-12-24,7462,3164,1992,5.9,7994
2023-12-25,6165,5486,1810,8.4,6667
2023-12-26,6931,9261,2510,6.2,8972
2023-12-27,8687,5064,1546,5.6,9671
2023-12-28,6992,3529,2347,5.3,3774
2023-12-29,3537,7377,1692,8.1,9542
2023-12-30,7024,9499,2837,5.0,8884
2023-12-31,8834,8976,1815,7.6,6942
2024-01-01,6104,5266,1958,8.1,5454
2024-01-02,9267,9261,2349,8.3,9369
2024-01-03,5743,9747,2111,8.0,6548
2024-01-04,7451,3996,2621,8.1,3030
2024-01-05,4575,9381,2100,7.6,5713
2024-01-06,9494,9524,2241,8.3,4060
2024-01-07,8357,5283,1997,7.6,6373
2024-01-08,6450,5380,2327,7.5,4998
2024-01-09,7677,3129,1801,5.8,5581
2024-01-10,8109,5144,2688,6.8,5476
2024-01-11,8610,9760,1619,6.5,9764
2024-01-12,7647,5167,1722,6.6,3103
2024-01-13,9864,8314,2898,8.7,5791
2024-01-14,9222,8556,1616,7.4,6441
2024-01-15,4418,3667,2964,8.3,4664
2024-01-16,4575,8633,2682,5.3,6051
2024-01-17,6298,4212,2356,7.8,7657
2024-01-18,8350,9923,1640,8.9,3631
2024-01-19,9234,5796,2079,8.3,3821
2024-01-20,4213,7619,2263,6.1,8157
2024-01-21,8208,3013,2383,7.6,6049
2024-01-22,8990,8129,1850,8.3,3407
2024-01-23,4276,8749,1514,5.2,6883
2024-01-24,5688,3546,1695,5.9,9638
2024-01-25,9599,6933,2732,8.8,8580
2024-01-26,5293,4680,2429,6.2,5193
2024-01-27,7930,8560,1514,5.3,6979
2024-01-28,8141,8195,1857,7.6,6720
2024-01-29,4018,4907,1933,8.0,9648
2024-01-30,5611,8991,2647,5.9,8931
2024-01-31,5971,7962,2971,7.4,8846
2024-02-01,3096,9249,2079,8.4,6486
2024-02-02,8976,8416,1991,5.2,4221
2024-02-03,4662,3225,2944,7.5,8743
2024-02-04,9206,5538,2422,6.2,8568
2024-02-05,8330,5560,2251,6.3,7434
2024-02-06,9570,3422,1900,6.9,7500
2024-02-07,9647,3211,2145,7.8,3036
2024-02-08,6125,7155,1682,9.0,7447
2024-02-09,9411,7964,1799,5.5,3317
2024-02-10,9521,8834,1716,5.8,4232
2024-02-11,3127,6811,2562,6.7,7330
2024-02-12,9476,9985,2752,5.9,6327
2024-02-13,4809,7492,1663,7.9,6042
2024-02-14,7915,8739,2200,6.8,6145
2024-02-15,5589,8653,2263,7.6,4598
2024-02-16,3633,3741,2965,7.8,8770
2024-02-17,5531,7339,2818,7.2,9081
2024-02-18,7222,5760,2241,5.3,7769
2024-02-19,3855,6550,2800,8.7,8615
2024-02-20,5437,7262,2233,7.1,5950
2024-02-21,3507,3636,2019,8.4,4612
2024-02-22,7967,6390,1897,5.0,5652
2024-02-23,3990,7811,1695,7.6,7450
2024-02-24,3290,7086,1639,6.9,9918
2024-02-25,6572,9032,1893,7.4,7247
2024-02-26,4917,9250,2107,6.1,7210
2024-02-27,9272,6558,2412,6.8,8357
2024-02-28,4701,4361,2761,7.1,9142
2024-02-29,6268,4294,2050,6.2,4061
2024-03-01,8110,7844,1715,6.9,5158
2024-03-02,6827,8836,2247,8.9,3564
2024-03-03,5205,4613,1998,6.0,5994
2024-03-04,7877,8238,2151,5.8,8639
2024-03-05,8159,3295,1545,8.7,5953
2024-03-06,6797,9889,1881,8.1,8190
2024-03-07,9990,5576,1544,7.8,8461
2024-03-08,9645,4492,1998,7.7,6956
2024-03-09,8421,6099,1532,8.8,8193
2024-03-10,7092,8804,1954,8.0,3704
2024-03-11,5481,6320,2965,6.1,4723
2024-03-12,7521,9517,1935,5.2,5789
2024-03-13,9449,6477,2201,7.8,6060
2024-03-14,8200,4757,2025,6.6,5839
2024-03-15,6910,9380,2186,6.0,3469
2024-03-16,7351,3103,2595,6.1,6434
2024-03-17,7464,5758,2384,8.5,9898
2024-03-18,3981,9473,2386,9.0,7982
2024-03-19,9291,3390,1927,6.3,3393
2024-03-20,6230,8581,2522,7.5,7639
2024-03-21,8836,6014,1879,7.5,4433
2024-03-22,9467,5407,2666,5.2,5197
2024-03-23,8494,4462,1641,5.9,4395
2024-03-24,4163,4633,1747,7.4,4378
2024-03-25,5610,7739,1780,6.1,3755
2024-03-26,5843,9385,2545,7.4,7699
2024-03-27,3784,8786,2984,6.8,7236
2024-03-28,4560,6296,1867,5.1,4163
2024-03-29,6092,4806,1956,6.7,8643
2024-03-30,6371,6899,1922,5.5,9245
2024-03-31,7196,9458,2512,6.8,8482
2024-04-01,4459,5212,2463,5.8,6017
2024-04-02,6963,3576,2285,7.5,6541
2024-04-03,4018,9198,2372,5.4,7534
2024-04-04,5091,4462,2479,8.3,3888
2024-04-05,3608,6393,2754,8.2,3493
2024-04-06,4616,7534,2661,5.1,3913
2024-04-07,7251,6315,2315,6.4,7436
2024-04-08,9329,5916,1879,6.7,7478
2024-04-09,5275,9380,1725,7.0,9241
2024-04-10,5646,4034,1923,7.3,8516
2024-04-11,7805,5274,2604,6.3,9563
2024-04-12,5513,4080,2790,5.8,4700
2024-04-13,5726,4665,1583,7.6,7409
2024-04-14,3456,5690,2977,7.7,9266
2024-04-15,3017,9040,2208,8.0,7628
2024-04-16,6048,9541,2777,5.2,5709
2024-04-17,8817,7517,1522,7.1,5796
2024-04-18,9111,9322,1796,6.0,3871
2024-04-19,5045,7383,2802,5.0,7212
2024-04-20,7780,8611,2622,8.1,6834
2024-04-21,4428,3412,2428,5.9,9086
2024-04-22,9165,3851,2212,6.3,7647
2024-04-23,8593,3809,2513,6.8,4428
2024-04-24,6762,3902,2536,7.7,4562
2024-04-25,4854,6375,2833,7.7,6290
2024-04-26,8596,9129,1728,5.3,3961
2024-04-27,6552,8930,2790,7.4,5644
2024-04-28,4039,8985,1747,7.4,6097
2024-04-29,8922,4948,1797,5.6,5091
2024-04-30,6736,4812,1895,5.4,7661
2024-05-01,6489,3266,2214,5.3,5192
2024-05-02,4836,7316,2793,6.5,3188
2024-05-03,8185,5201,1880,8.4,6313
2024-05-04,3477,4847,2776,5.2,3150
2024-05-05,3999,5576,2316,8.4,8967
2024-05-06,9300,7317,2434,5.6,9887
2024-05-07,8036,3460,2965,8.6,5522
2024-05-08,5203,3478,2194,6.6,9834
2024-05-09,6353,7609,2087,5.7,8091
2024-05-10,3427,4918,2579,8.7,5034
2024-05-11,6646,3697,2120,8.5,3937
2024-05-12,6104,6754,2386,8.1,6336
2024-05-13,7971,3200,1841,6.7,6516
2024-05-14,7730,7153,2072,5.6,4682
2024-05-15,3107,4558,1779,7.4,6470
2024-05-16,4007,5987,1787,7.5,8833
2024-05-17,3746,4581,2664,7.4,5416
2024-05-18,7976,4532,2674,5.4,4347
2024-05-19,3510,5969,2566,5.4,6321
2024-05-20,5083,3199,1796,7.8,9410
2024-05-21,4447,3990,1742,8.0,7038
2024-05-22,7067,6822,1793,5.1,6672
2024-05-23,6746,3517,1574,6.2,4169
2024-05-24,7719,4436,2215,8.4,9141
2024-05-25,5996,6798,1628,5.9,4452
2024-05-26,6157,3469,1506,7.7,5573
2024-05-27,6670,5840,2668,6.0,4703
2024-05-28,6498,5660,2682,5.4,4752
2024-05-29,6438,3812,2666,7.9,6563
2024-05-30,6334,9835,1925,8.1,3715
2024-05-31,9663,3204,2793,6.8,7323
2024-06-01,7624,6829,2277,5.4,4460
2024-06-02,4774,5321,2684,8.9,6003
2024-06-03,8645,4440,2514,6.6,3124
2024-06-04,5102,5663,1781,5.7,6953
2024-06-05,8400,4195,1500,6.9,9823
2024-06-06,5825,4050,2761,8.4,4047
2024-06-07,7802,5678,1513,8.6,6567
2024-06-08,7445,4214,2376,7.7,6221
2024-06-09,5093,6798,2139,6.7,6390
2024-06-10,7696,3476,1541,8.2,6769
2024-06-11,6680,4468,2207,7.5,3588
2024-06-12,4012,7451,2005,5.9,6000
2024-06-13,4189,7895,2935,8.0,5960
2024-06-14,7467,6466,1913,5.1,4660
2024-06-15,7608,4264,2040,8.2,5917
2024-06-16,6360,3713,2997,5.7,5242
2024-06-17,6059,4814,1825,7.6,4425
2024-06-18,5575,3071,2292,8.5,4530
2024-06-19,3100,6788,1711,6.7,5581
2024-06-20,9145,3271,2010,6.1,5100
2024-06-21,5551,7540,2705,6.1,6883
2024-06-22,8904,6006,1577,6.8,8532
2024-06-23,6982,8079,2443,5.5,8685
2024-06-24,5510,9530,2530,7.4,3959
2024-06-25,5870,3715,2455,8.4,4709
2024-06-26,5843,6117,2066,6.3,6963
2024-06-27,8260,7441,2436,6.0,4347
2024-06-28,9743,3249,2348,8.1,7151
2024-06-29,8604,7890,2098,7.2,9608
2024-06-30,9056,4378,1742,5.5,8333
2024-07-01,3286,6152,1709,5.3,9599
2024-07-02,3955,3120,1939,5.6,3118
2024-07-03,5608,3296,2740,5.4,5559
2024-07-04,7001,7411,2664,7.2,3579
2024-07-05,7878,6661,1774,5.6,3058
2024-07-06,4808,4702,2737,5.2,6164
2024-07-07,4029,9365,2827,7.5,6515
2024-07-08,4232,4246,2999,6.2,5497
2024-07-09,4893,9022,2754,8.5,7751
2024-07-10,7636,9047,2519,8.5,8554
2024-07-11,5462,7941,2648,6.6,8256
2024-07-12,3933,6823,1554,7.3,6745
2024-07-13,6815,5487,1857,7.9,4171
2024-07-14,8627,6866,1747,6.4,5023
2024-07-15,4683,7419,2642,7.7,8939
2024-07-16,3113,4819,2529,8.6,6640
2024-07-17,7012,5534,2468,7.4,8140
2024-07-18,8495,5067,1931,7.6,9229
2024-07-19,4211,9662,1715,6.1,6193
2024-07-20,9958,5553,2800,5.8,4451
2024-07-21,9292,6452,1803,6.6,4142
2024-07-22,3710,8767,2101,8.7,6707
2024-07-23,7416,3084,1780,5.8,3994
2024-07-24,3442,4107,2062,6.8,3709
2024-07-25,8580,7581,2379,8.6,7329
2024-07-26,7148,6688,2428,8.5,8375
2024-07-27,9135,4383,2420,8.3,9365
2024-07-28,7973,9563,2444,6.7,9355
2024-07-29,6797,7148,1913,6.8,4719
2024-07-30,9745,3247,2126,7.1,9377
2024-07-31,4997,4057,1839,5.6,3632
2024-08-01,5223,6785,1819,8.8,5676
2024-08-02,5792,5303,1810,8.6,7074
2024-08-03,9902,6463,1667,8.7,4269
2024-08-04,6459,3575,2883,6.2,8763
2024-08-05,9900,6785,2339,7.8,3547
2024-08-06,8474,6691,2285,5.7,6946
2024-08-07,4912,3625,2447,6.6,9747
2024-08-08,3399,8171,1737,6.1,3350
2024-08-09,6401,7348,1970,6.5,8877
2024-08-10,9038,7017,2248,6.6,9644
2024-08-11,7368,3984,1680,8.3,5924
2024-08-12,5448,8342,2298,7.6,9568
2024-08-13,7542,6395,2661,7.7,5434
2024-08-14,4284,5739,1852,7.3,9335
2024-08-15,4991,8203,2952,6.5,8373
2024-08-16,9492,6392,1935,5.3,4947
2024-08-17,6366,6977,2872,8.3,4922
2024-08-18,5682,8527,2352,7.0,4721
2024-08-19,8450,6139,2890,7.2,5597
2024-08-20,3957,6015,2669,8.7,5168
2024-08-21,5145,4107,2911,8.7,3566
2024-08-22,7095,7968,1523,6.4,8448
2024-08-23,7581,4261,1910,7.2,3696
2024-08-24,7065,9674,2547,5.2,8532
2024-08-25,5895,7571,1752,6.5,5000
2024-08-26,8797,9073,2755,5.5,7947
2024-08-27,6479,8966,2478,6.8,8973
2024-08-28,6659,8713,2673,5.2,6947
2024-08-29,6466,7085,1817,6.9,4657
2024-08-30,3055,4735,1749,8.0,4512
2024-08-31,3891,7174,1866,7.6,3322
2024-09-01,4128,8243,2318,5.3,4473
2024-09-02,6004,8743,2558,7.9,8348
2024-09-03,8765,9584,2551,8.2,8600
2024-09-04,7012,4441,1645,7.8,6087
2024-09-05,8948,8240,2174,8.5,6545
2024-09-06,7835,4788,2513,8.8,5928
2024-09-07,3681,3574,1536,6.9,5716
2024-09-08,6769,7067,2668,8.9,9417
2024-09-09,4061,8193,1555,6.9,7533
2024-09-10,6106,5086,1721,6.1,5092
2024-09-11,8377,3411,1576,6.6,4697
2024-09-12,3463,6461,2214,8.6,3394
2024-09-13,5294,9266,2355,7.3,4392
2024-09-14,9410,5858,2833,8.6,3009
2024-09-15,9272,7197,2882,6.9,9481
2024-09-16,7462,4962,2367,7.3,5455
2024-09-17,7287,7016,2156,7.9,8181
2024-09-18,6243,6917,2851,6.0,3444
2024-09-19,4951,6833,2284,7.3,3826
2024-09-20,4240,6857,1897,7.5,7050
2024-09-21,7845,6467,2709,7.8,5687
2024-09-22,4606,7214,1934,5.4,5516
2024-09-23,3641,8730,2654,5.3,5250
2024-09-24,3594,9485,1799,7.4,9059
2024-09-25,8546,8672,2801,7.1,8543
2024-09-26,9873,3333,2680,5.9,5339
2024-09-27,9220,6613,2592,7.9,5982
2024-09-28,7456,3201,2329,7.4,8227
2024-09-29,6529,8814,2729,7.1,6049
2024-09-30,3183,8353,2236,7.1,3819
2024-10-01,9371,6561,2142,6.2,8130
2024-10-02,7825,3954,2102,5.0,4571
2024-10-03,7002,7145,2231,8.1,5317
2024-10-04,4653,3268,2159,7.8,8801
2024-10-05,6910,7991,2119,5.5,4523
2024-10-06,7049,3216,1597,5.7,3763
2024-10-07,7609,6969,2494,5.2,3778
2024-10-08,4530,7205,2277,8.6,5980
2024-10-09,6853,7554,1618,7.0,3127
2024-10-10,6333,8437,2871,7.1,6301
2024-10-11,8480,7385,2006,5.4,3644
2024-10-12,8936,3657,1577,5.9,9858
2024-10-13,5013,5311,2536,6.4,9140
2024-10-14,7639,5816,2764,5.5,3050
2024-10-15,3030,8095,2089,7.8,5595
2024-10-16,7335,5507,2942,7.3,4864
2024-10-17,4823,5429,2691,7.2,9186
2024-10-18,6190,5880,2106,8.5,9404
2024-10-19,4948,3053,1633,5.8,4583
2024-10-20,6784,3510,2189,7.3,6519
2024-10-21,5607,3002,2741,5.7,4838
2024-10-22,5715,3890,1997,5.1,8844
2024-10-23,8547,4592,2113,6.5,7272
2024-10-24,4782,9972,2045,8.9,9076
2024-10-25,6305,8689,1680,7.9,8531
2024-10-26,3697,3791,1862,7.5,4468
2024-10-27,8008,3497,2422,8.8,6103
2024-10-28,9910,8174,2509,8.1,4726
2024-10-29,3233,9731,1910,8.7,6586
2024-10-30,3331,5544,2683,5.5,8820
2024-10-31,4767,4090,2510,8.1,7395
2024-11-01,4573,6167,2503,8.1,4279
2024-11-02,3081,8521,2543,5.5,3547
2024-11-03,7945,4314,1625,5.3,8507
2024-11-04,7345,6745,2408,8.8,7542
2024-11-05,8919,4851,2411,5.9,7528
2024-11-06,5506,4439,2481,6.3,9359
2024-11-07,7372,7529,2526,5.8,7724
2024-11-08,5352,7007,2228,7.1,4005
2024-11-09,7922,9278,2687,8.0,5541
2024-11-10,7873,8228,1817,8.5,9259
2024-11-11,7509,7554,1931,8.0,4823
2024-11-12,3049,8561,1529,5.3,9842
2024-11-13,9526,5856,1710,6.1,4964
2024-11-14,4078,4305,1734,6.9,4042
2024-11-15,5926,7625,2935,7.9,7485
2024-11-16,6738,3285,1853,6.9,3760
2024-11-17,5400,7002,1841,5.3,6145
2024-11-18,4161,3523,1899,6.5,5083
2024-11-19,4382,7346,1582,6.2,7236
2024-11-20,3852,8509,2737,5.3,8027
2024-11-21,3854,5272,2452,8.9,5212
2024-11-22,7090,6167,1802,5.4,8445
2024-11-23,4291,9690,2754,8.3,9940
2024-11-24,9474,9536,1600,5.8,5570
2024-11-25,7011,7024,1692,8.8,8436
2024-11-26,7157,3865,2622,5.9,6355
2024-11-27,4335,8530,2597,6.3,7487
2024-11-28,9195,3701,1547,5.4,5079
2024-11-29,9521,6956,2747,7.1,8762
2024-11-30,4133,8623,1588,8.4,6933
2024-12-01,4710,9802,2045,5.2,6304
2024-12-02,4124,7940,2096,7.4,6959
2024-12-03,3639,3596,1668,8.6,3458
2024-12-04,5272,4237,2564,6.0,3840
2024-12-05,5798,7456,2319,5.2,4567
2024-12-06,9297,8080,2663,8.9,7055
2024-12-07,6839,9021,2445,5.1,7089
2024-12-08,3248,9107,2325,5.9,3916
2024-12-09,6511,6915,2246,8.1,3711
2024-12-10,6388,6412,1915,5.9,9102
2024-12-11,7862,9046,1889,7.8,3663
2024-12-12,3917,9262,2588,6.0,9660
2024-12-13,5302,8291,2026,7.3,6752
2024-12-14,9998,7192,2494,7.6,4343
2024-12-15,7185,3936,2280,7.9,9864
2024-12-16,3691,3851,2659,5.6,5640
2024-12-17,5415,9339,2548,8.9,9188
2024-12-18,6516,3387,1900,8.1,8421
2024-12-19,3186,9671,2279,8.3,3846
2024-12-20,3774,8250,1951,5.4,9033
2024-12-21,6148,8486,2918,5.8,3613
2024-12-22,3465,8119,1659,5.8,8068
2024-12-23,5726,4964,2848,7.5,8998
2024-12-24,3955,5794,2671,8.7,8037
2024-12-25,3417,4081,1998,7.0,5331
2024-12-26,8695,4919,2298,5.3,3003
2024-12-27,7449,3820,2758,6.5,4811
2024-12-28,7434,9814,2818,7.6,5650
2024-12-29,4986,8064,2242,6.7,6530
2024-12-30,8159,9633,1994,6.4,5339
2024-12-31,5824,5911,1920,6.0,7929
2025-01-01,5722,8931,2812,8.7,3669
2025-01-02,6844,9275,1681,6.8,5984
2025-01-03,6000,6423,2573,8.9,8273
2025-01-04,7414,4203,2794,6.0,8158
2025-01-05,9362,7607,1568,8.0,7807
2025-01-06,7325,4161,1607,5.2,8207
2025-01-07,3281,8636,2760,8.5,4475
2025-01-08,7589,3832,1904,8.4,5929
2025-01-09,4993,6822,2506,5.8,9861
2025-01-10,9653,8732,2653,6.0,7496
2025-01-11,6325,8802,1609,7.5,5283
2025-01-12,3330,9144,1808,6.3,6962
2025-01-13,8937,8992,1823,8.3,3543
2025-01-14,6764,7219,2880,5.4,8879
2025-01-15,4568,4108,2839,6.4,8933
2025-01-16,5190,5232,2994,5.6,3182
2025-01-17,9272,6332,2694,5.1,7416
2025-01-18,3653,8372,1629,8.2,9536
2025-01-19,6906,8615,2017,7.1,5673
2025-01-20,4984,5627,2196,7.4,3013
2025-01-21,5062,6379,1787,7.7,6291
2025-01-22,4608,7606,1997,5.2,8864
2025-01-23,7464,6173,2632,5.8,3836
2025-01-24,6039,5789,1741,7.5,6021
2025-01-25,8550,9794,1843,7.0,7721
2025-01-26,3165,7623,1863,6.6,8998
2025-01-27,7077,5954,2963,6.6,9881
2025-01-28,6602,8487,2237,8.0,4895
2025-01-29,6168,5212,1510,6.4,4674
2025-01-30,5354,8360,1994,5.6,7099
2025-01-31,6288,3006,2961,6.5,3270
2025-02-01,6995,5292,2863,5.1,9809
2025-02-02,4424,5571,2705,8.4,8102
2025-02-03,6691,3270,2477,8.5,9573
2025-02-04,5886,5779,1957,5.8,9043
2025-02-05,7029,7729,2631,7.6,4957
2025-02-06,8711,8414,2242,6.4,3949
2025-02-07,8645,4549,2417,7.8,3689
2025-02-08,4354,4749,1594,8.0,3465
2025-02-09,8117,7289,2062,8.6,8535
2025-02-10,9416,6426,2784,5.7,5952
2025-02-11,8145,4018,2664,6.0,3669
2025-02-12,4462,4844,2075,7.5,7402
2025-02-13,6319,4520,2509,5.7,3524
2025-02-14,3758,9340,1594,5.8,3944
2025-02-15,6345,9788,1920,5.1,8878
2025-02-16,4804,4321,2156,5.1,8600
2025-02-17,4272,6654,2592,8.2,4805
2025-02-18,5297,9487,1925,6.5,5116
2025-02-19,8806,4330,1621,8.3,9876
2025-02-20,6537,5737,1984,8.5,3871
2025-02-21,8840,7632,2059,6.9,5198
2025-02-22,4070,9197,2538,8.6,6758
2025-02-23,4703,3916,1697,9.0,7819
2025-02-24,6117,7149,1696,7.3,3649
2025-02-25,6594,8230,2762,6.8,5718
2025-02-26,7219,5789,2734,6.9,7666
2025-02-27,5409,9823,1761,7.3,3524
2025-02-28,6368,8223,1998,5.5,4265
2025-03-01,9804,6784,1861,8.8,3191
2025-03-02,7857,5003,2129,7.3,5262
2025-03-03,6688,7325,2213,6.7,4184
2025-03-04,7716,8394,2569,8.9,9691
2025-03-05,7383,5008,2733,8.3,4875
2025-03-06,9228,5242,2344,5.3,9424
2025-03-07,4252,8945,2575,6.1,8630
2025-03-08,4459,3856,2763,6.9,8072
2025-03-09,6442,5546,1737,7.9,4586
2025-03-10,5813,4912,2662,5.4,6660
2025-03-11,7177,7476,2903,7.4,5531
2025-03-12,4093,7952,2112,5.4,5615
2025-03-13,9612,8218,2726,6.1,5523
2025-03-14,8701,9623,2790,6.5,4519
2025-03-15,4838,7605,2326,8.8,3803
2025-03-16,6331,9123,1801,8.9,9596
2025-03-17,8518,9995,2302,7.4,8313
2025-03-18,4356,9122,2628,5.9,8759
2025-03-19,3410,5108,2885,7.5,7689
2025-03-20,3344,9018,2485,5.3,5290
2025-03-21,3658,9909,2355,6.8,8035
2025-03-22,5539,7674,2709,7.0,8022
2025-03-23,7919,6139,2920,6.7,3556
2025-03-24,9939,3446,2838,5.3,8774
2025-03-25,7863,4529,2085,5.7,3164
2025-03-26,5697,4189,1830,8.7,3096
2025-03-27,8064,3303,2067,9.0,9884
2025-03-28,5131,8910,2835,6.2,3128
2025-03-29,9716,5436,1986,6.9,8719
2025-03-30,4021,7430,2467,7.5,7037
2025-03-31,9772,8575,2552,8.7,8928
2025-04-01,9821,6000,2370,7.9,4390
2025-04-02,3173,3514,2561,8.5,4292
2025-04-03,7777,7879,2604,5.6,3553
2025-04-04,4285,8881,2965,8.4,5494
2025-04-05,3129,8773,2710,5.3,5644
2025-04-06,6199,9487,1625,6.1,7013
2025-04-07,7302,9290,2146,7.4,8855
2025-04-08,6150,8001,2354,7.4,5176
2025-04-09,8102,9884,2534,8.3,7520
2025-04-10,7825,3614,2205,6.3,9571
2025-04-11,6385,6799,1843,7.8,6503
2025-04-12,7550,3760,2745,5.5,4849
2025-04-13,4929,6093,2236,5.4,4193
2025-04-14,7350,8197,1690,7.5,3502
2025-04-15,4040,8407,1909,8.8,4363
2025-04-16,8015,3342,1710,5.1,3846
2025-04-17,5662,7731,1861,6.8,6688
2025-04-18,6389,8512,2092,5.8,3095
2025-04-19,6438,8052,2877,5.3,9057
2025-04-20,4044,5154,2831,9.0,5827
2025-04-21,7724,8983,2188,7.2,9112
2025-04-22,5713,5055,2182,9.0,6607
2025-04-23,7927,3957,2348,5.3,9340
2025-04-24,4394,6686,2292,8.8,3880
2025-04-25,3953,9882,2471,6.4,7607
2025-04-26,8724,5857,1976,6.8,7641
2025-04-27,6602,3172,2983,7.7,3320
2025-04-28,8976,7459,1699,7.0,6361
2025-04-29,6067,9324,2649,5.7,9553
2025-04-30,6655,5904,2549,5.2,8232
2025-05-01,6569,3456,1651,7.9,9732
2025-05-02,3071,5037,2744,6.1,4810
2025-05-03,3965,3907,1806,8.8,9231
2025-05-04,9952,9355,1859,8.0,5031
2025-05-05,6220,3960,2801,7.4,3266
2025-05-06,8932,5535,2168,8.0,7943
2025-05-07,6101,7873,2873,8.6,3811
2025-05-08,3156,5627,1804,6.2,5862
2025-05-09,3043,8642,2217,8.9,3404
2025-05-10,9712,6661,1674,5.3,5093
2025-05-11,6053,9017,2885,8.3,9971
2025-05-12,7198,8311,2650,8.8,3738
2025-05-13,9958,9062,1715,5.1,5678
2025-05-14,6280,3442,2898,8.8,6578
2025-05-15,4994,8464,2435,7.1,5994
2025-05-16,8871,6007,2290,8.2,7050
2025-05-17,8619,7896,2733,8.8,9968
2025-05-18,8623,7699,2356,5.2,9251
2025-05-19,3033,8519,2599,6.8,3807
2025-05-20,3143,8730,2125,7.6,3546
2025-05-21,5431,6723,1652,7.4,6618
2025-05-22,7727,6963,2412,7.7,9540
2025-05-23,5460,5186,2973,5.7,3400
2025-05-24,4995,6105,2186,6.2,6089
2025-05-25,5419,6082,1852,8.2,3731
2025-05-26,3678,7959,1661,5.4,3770
2025-05-27,9776,7308,1908,6.8,7061
2025-05-28,7238,6800,2640,5.2,3388
2025-05-29,8738,6930,1876,6.8,4079
2025-05-30,5396,6517,1623,9.0,5088
2025-05-31,9559,4669,2650,5.0,4117
2025-06-01,3293,3393,2449,7.8,9050
2025-06-02,6511,8578,2562,8.6,4350
2025-06-03,6591,4394,1937,6.4,6507
2025-06-04,6456,4590,2677,8.0,4066
2025-06-05,9389,6546,2652,7.1,6626
2025-06-06,6559,9484,2833,8.1,4536
2025-06-07,9824,5931,1552,7.8,6762
2025-06-08,5644,6402,1542,6.6,7936
2025-06-09,7574,9334,2504,6.5,9692
2025-06-10,3755,3508,1903,6.6,9571
2025-06-11,8789,9526,2777,7.6,4038
2025-06-12,8023,9586,1939,5.9,6161
2025-06-13,6735,8922,2521,7.1,9330
2025-06-14,6993,4602,1755,7.3,9459
2025-06-15,3920,8613,2479,7.2,5422
2025-06-16,4860,5279,2773,7.4,6518
2025-06-17,5214,7871,1733,7.8,6754
2025-06-18,6439,4495,1598,8.7,4644
2025-06-19,6157,8605,2629,8.3,3661
2025-06-20,6638,5041,2307,8.3,9138
2025-06-21,7884,9629,1848,6.2,8369
2025-06-22,4025,5273,2721,5.6,5894
2025-06-23,3518,4475,1649,8.7,3045
2025-06-24,9664,7672,1732,7.3,7771
2025-06-25,8384,7641,2621,6.2,3326
2025-06-26,4157,3460,2253,7.7,5078
2025-06-27,9985,7158,1770,7.9,6426
2025-06-28,9504,6624,1799,7.0,8690
2025-06-29,5139,4958,2398,6.0,4825
2025-06-30,6180,5199,2693,5.7,4588
2025-07-01,9906,4934,2750,5.5,6703
2025-07-02,7998,7363,1915,6.2,7051
2025-07-03,8788,3931,2720,8.7,3074
2025-07-04,5925,5828,1592,5.8,3596
2025-07-05,3623,9744,2916,5.6,5301
2025-07-06,3005,8595,2106,8.1,5092
2025-07-07,8084,3103,1879,8.9,3142
2025-07-08,4333,9590,1955,8.9,7270
2025-07-09,3195,8488,2665,8.0,9792
2025-07-10,9662,8112,2926,7.7,5662
2025-07-11,6671,5711,2620,8.4,7653
2025-07-12,7454,4160,1523,8.7,8276
2025-07-13,7427,8109,2953,8.6,4203
2025-07-14,6109,3194,2472,8.6,5266
2025-07-15,4035,6653,2285,7.5,5295
2025-07-16,4932,5324,2710,6.1,7474
2025-07-17,8179,6573,1878,7.3,5011
2025-07-18,5392,7504,2015,8.2,7116
2025-07-19,6308,4926,2491,8.5,6881
2025-07-20,5399,5941,2066,5.2,8108
2025-07-21,5474,8367,2221,8.9,5713
2025-07-22,3185,4761,1519,7.8,6977
2025-07-23,3670,4563,2245,5.5,8952
2025-07-24,5084,8878,1784,6.7,4232
2025-07-25,6572,6488,1983,6.7,6566
2025-07-26,5009,4478,2675,5.4,8587
2025-07-27,7926,4092,1747,6.7,6190
2025-07-28,4791,9564,1595,8.9,4794
2025-07-29,6584,3520,1664,6.3,8027
2025-07-30,9148,5422,2134,8.1,5489
2025-07-31,6570,9624,2293,9.0,8807
2025-08-01,9985,4188,1892,6.7,8684
2025-08-02,3653,4406,1507,8.9,7859
2025-08-03,6049,8825,2136,6.8,5515
2025-08-04,3659,6730,2342,7.6,9575
2025-08-05,6895,9208,2564,8.2,8820
2025-08-06,4407,7520,2646,6.3,9275
2025-08-07,5603,5962,2310,7.4,6720
2025-08-08,6896,9440,2876,6.7,8326
2025-08-09,6495,4909,2128,6.5,3959
2025-08-10,9462,7456,1921,7.3,3963
2025-08-11,4712,3387,2488,8.8,6814
2025-08-12,7772,3918,2629,5.3,3904
2025-08-13,6172,5888,1581,5.2,6052
2025-08-14,4542,4552,1756,6.7,9992
2025-08-15,7362,5231,2136,8.5,6543
2025-08-16,8368,9922,2702,8.9,4493
2025-08-17,5959,9664,2732,8.8,7796
2025-08-18,3959,9053,2183,5.7,5560
2025-08-19,5043,7205,2788,8.8,6365
2025-08-20,8953,8917,2445,6.0,9797
2025-08-21,4208,6455,1895,5.6,9067
2025-08-22,5211,5789,2134,7.3,6602
2025-08-23,8504,8959,1901,5.5,7542
2025-08-24,8364,8364,2219,8.0,8237
2025-08-25,7875,6507,2786,8.1,7675
2025-08-26,4431,7693,1909,7.2,9823
2025-08-27,8082,3360,2398,6.0,6060
2025-08-28,4944,5783,1975,6.8,7271
2025-08-29,4798,3489,2799,6.5,6965
2025-08-30,6235,8405,1704,8.9,4537
2025-08-31,3543,5432,2762,7.1,3302
2025-09-01,6160,4650,2056,6.5,3173
2025-09-02,5377,6778,2114,8.0,8312
2025-09-03,3218,3379,1661,6.5,6783
2025-09-04,5458,8055,2695,8.9,4961
2025-09-05,4825,5401,2662,6.5,8511
2025-09-06,4897,6400,2584,8.7,8666
2025-09-07,5023,8765,2126,5.7,8795
2025-09-08,6735,7486,2480,8.8,4237
2025-09-09,7280,4317,2588,5.3,6649
2025-09-10,4077,9177,2208,6.8,4833
2025-09-11,6517,8862,1949,8.0,7890
2025-09-12,9406,4098,2694,8.5,6975
2025-09-13,7642,9657,2614,7.6,8100
2025-09-14,3488,5357,2776,6.9,3999
2025-09-15,9288,5214,2650,5.7,7144
2025-09-16,4906,5962,2856,6.4,8464
2025-09-17,4609,9871,2714,8.9,8039
2025-09-18,9681,6087,2364,5.5,5130
2025-09-19,7298,7436,2132,5.3,6718
2025-09-20,4225,8153,2622,6.2,4599
2025-09-21,9720,4878,2164,8.6,8775
2025-09-22,5692,4454,2328,8.2,7580
2025-09-23,3517,9004,2007,6.1,8018
2025-09-24,6868,4869,1539,6.6,8799
2025-09-25,3503,4217,1585,8.3,8254
2025-09-26,8064,6552,1994,5.0,5031
